dataset,frames,method,factor,label,order,auc30,auc15,auc5,auc3,mean_inference_seconds,median_inference_seconds,total_inference_seconds,num_samples,accuracy_file,profile_file,command
7scenes,5,baseline,,VGGT,0,0.32661904761904764,0.16552380952380957,0.032857142857142856,0.012857142857142857,0.36098453064582176,0.3612100617028773,25.268917145207524,70,results/7scenes_manifest_eval_f5.json,results/7scenes_profile_f5.json,uv run python eval_7scenes.py --profile --frames 5
7scenes,5,avggt,1,AVGGT-1,1,0.32947619047619053,0.16133333333333336,0.033999999999999996,0.01476190476190476,0.35292280120775105,0.36247813468798995,24.704596084542572,70,results/7scenes_manifest_eval_avggt1_f5.json,results/7scenes_profile_avggt1_f5.json,uv run python eval_7scenes.py --profile --frames 5 --avggt --subsample-factor 1
7scenes,5,avggt,2,AVGGT-2,2,0.30990476190476196,0.14914285714285713,0.02628571428571429,0.007619047619047619,0.37653791537242276,0.380749240051955,26.357654076069593,70,results/7scenes_manifest_eval_avggt2_f5.json,results/7scenes_profile_avggt2_f5.json,uv run python eval_7scenes.py --profile --frames 5 --avggt --subsample-factor 2
7scenes,5,avggt,4,AVGGT-4,4,0.3091904761904762,0.14657142857142855,0.027142857142857142,0.009523809523809525,0.37989670136677367,0.3832656051963568,26.592769095674157,70,results/7scenes_manifest_eval_avggt4_f5.json,results/7scenes_profile_avggt4_f5.json,uv run python eval_7scenes.py --profile --frames 5 --avggt --subsample-factor 4
7scenes,5,avggt,6,AVGGT-6,6,0.30157142857142855,0.13990476190476192,0.026857142857142857,0.011904761904761904,0.34827584999480415,0.3667630502022803,24.379309499636292,70,results/7scenes_manifest_eval_avggt6_f5.json,results/7scenes_profile_avggt6_f5.json,uv run python eval_7scenes.py --profile --frames 5 --avggt --subsample-factor 6
7scenes,5,avggt,9,AVGGT-9,9,0.29266666666666663,0.13657142857142857,0.022857142857142857,0.009047619047619047,0.3583799478597939,0.3804002786055207,25.086596350185573,70,results/7scenes_manifest_eval_avggt9_f5.json,results/7scenes_profile_avggt9_f5.json,uv run python eval_7scenes.py --profile --frames 5 --avggt --subsample-factor 9
7scenes,10,baseline,,VGGT,0,0.46759788359788357,0.2757671957671957,0.07365079365079366,0.029735449735449736,0.616737677635891,0.6060736416839063,43.17163743451238,70,results/7scenes_manifest_eval_f10.json,results/7scenes_profile_f10.json,uv run python eval_7scenes.py --profile --frames 10
7scenes,10,avggt,1,AVGGT-1,1,0.4656931216931218,0.274031746031746,0.07238095238095238,0.03015873015873016,0.5887390921025404,0.5847287215292454,41.21173644717783,70,results/7scenes_manifest_eval_avggt1_f10.json,results/7scenes_profile_avggt1_f10.json,uv run python eval_7scenes.py --profile --frames 10 --avggt --subsample-factor 1
7scenes,10,avggt,2,AVGGT-2,2,0.45034920634920633,0.26634920634920634,0.07396825396825397,0.031005291005291005,0.6264590795684074,0.6289705126546323,43.852135569788516,70,results/7scenes_manifest_eval_avggt2_f10.json,results/7scenes_profile_avggt2_f10.json,uv run python eval_7scenes.py --profile --frames 10 --avggt --subsample-factor 2
7scenes,10,avggt,4,AVGGT-4,4,0.4293650793650794,0.2467089947089947,0.06533333333333333,0.028359788359788363,0.6119522942629244,0.6013705125078559,42.836660598404706,70,results/7scenes_manifest_eval_avggt4_f10.json,results/7scenes_profile_avggt4_f10.json,uv run python eval_7scenes.py --profile --frames 10 --avggt --subsample-factor 4
7scenes,10,avggt,6,AVGGT-6,6,0.4220952380952382,0.24281481481481484,0.061523809523809536,0.02423280423280423,0.5793243184552661,0.5708949225954711,40.55270229186863,70,results/7scenes_manifest_eval_avggt6_f10.json,results/7scenes_profile_avggt6_f10.json,uv run python eval_7scenes.py --profile --frames 10 --avggt --subsample-factor 6
7scenes,10,avggt,9,AVGGT-9,9,0.4079470899470899,0.2268783068783069,0.05625396825396826,0.023915343915343917,0.5801198754991804,0.5792888845317066,40.60839128494263,70,results/7scenes_manifest_eval_avggt9_f10.json,results/7scenes_profile_avggt9_f10.json,uv run python eval_7scenes.py --profile --frames 10 --avggt --subsample-factor 9
7scenes,20,baseline,,VGGT,0,0.5906441102756894,0.3914385964912281,0.1258045112781955,0.05829573934837093,1.2429980537987182,1.1877550738863647,87.00986376591027,70,results/7scenes_manifest_eval.json,results/7scenes_profile.json,uv run python eval_7scenes.py --profile
7scenes,20,avggt,1,AVGGT-1,1,0.590325814536341,0.3912531328320802,0.12586466165413535,0.05786967418546366,1.1756012504255133,1.120816607028246,82.29208752978593,70,results/7scenes_manifest_eval_avggt1.json,results/7scenes_profile_avggt1.json,uv run python eval_7scenes.py --profile --avggt --subsample-factor 1
7scenes,20,avggt,2,AVGGT-2,2,0.5788471177944863,0.37994987468671676,0.12054135338345864,0.05591478696741855,1.2034094745559352,1.1402825694531202,84.23866321891546,70,results/7scenes_manifest_eval_avggt2.json,results/7scenes_profile_avggt2.json,uv run python eval_7scenes.py --profile --avggt --subsample-factor 2
7scenes,20,avggt,4,AVGGT-4,4,0.5635438596491227,0.36339849624060144,0.11786466165413534,0.056566416040100244,1.132244185597769,1.0808148849755526,79.25709299184382,70,results/7scenes_manifest_eval_avggt4.json,results/7scenes_profile_avggt4.json,uv run python eval_7scenes.py --profile --avggt --subsample-factor 4
7scenes,20,avggt,6,AVGGT-6,6,0.5556215538847119,0.35527318295739346,0.10953383458646618,0.05105263157894737,1.1512716609319407,1.0907200924120843,80.58901626523584,70,results/7scenes_manifest_eval_avggt6.json,results/7scenes_profile_avggt6.json,uv run python eval_7scenes.py --profile --avggt --subsample-factor 6
7scenes,20,avggt,9,AVGGT-9,9,0.5412005012531329,0.3416892230576441,0.10406015037593985,0.04829573934837093,1.1419805047368365,1.0779102207161486,79.93863533157855,70,results/7scenes_manifest_eval_avggt9.json,results/7scenes_profile_avggt9.json,uv run python eval_7scenes.py --profile --avggt --subsample-factor 9
re10k,5,baseline,,VGGT,0,0.4996,0.30379999999999996,0.09133333333333334,0.048777777777777774,0.3478510904684663,0.3271430800668895,104.35532714053988,300,results/re10k_manifest_eval_f5.json,results/re10k_profile_f5.json,uv run python eval_re10k.py --profile --frames 5
re10k,5,avggt,1,AVGGT-1,1,0.4994111111111112,0.3022444444444445,0.089,0.04744444444444445,0.3174900202887754,0.3208378595300019,95.24700608663261,300,results/re10k_manifest_eval_avggt1_f5.json,results/re10k_profile_avggt1_f5.json,uv run python eval_re10k.py --profile --frames 5 --avggt --subsample-factor 1
re10k,5,avggt,2,AVGGT-2,2,0.4996111111111112,0.30186666666666667,0.09046666666666667,0.04788888888888889,0.3293476099272569,0.33305282751098275,98.80428297817707,300,results/re10k_manifest_eval_avggt2_f5.json,results/re10k_profile_avggt2_f5.json,uv run python eval_re10k.py --profile --frames 5 --avggt --subsample-factor 2
re10k,5,avggt,4,AVGGT-4,4,0.49794444444444447,0.29944444444444435,0.08560000000000001,0.042222222222222223,0.3243198561202735,0.33135028649121523,97.29595683608204,300,results/re10k_manifest_eval_avggt4_f5.json,results/re10k_profile_avggt4_f5.json,uv run python eval_re10k.py --profile --frames 5 --avggt --subsample-factor 4
re10k,5,avggt,6,AVGGT-6,6,0.4916222222222222,0.29215555555555556,0.08093333333333334,0.03922222222222222,0.3271441313934823,0.3327377079986036,98.14323941804469,300,results/re10k_manifest_eval_avggt6_f5.json,results/re10k_profile_avggt6_f5.json,uv run python eval_re10k.py --profile --frames 5 --avggt --subsample-factor 6
re10k,5,avggt,9,AVGGT-9,9,0.4920666666666667,0.2919111111111111,0.079,0.03755555555555556,0.3239294364458571,0.3313181693665683,97.17883093375713,300,results/re10k_manifest_eval_avggt9_f5.json,results/re10k_profile_avggt9_f5.json,uv run python eval_re10k.py --profile --frames 5 --avggt --subsample-factor 9
re10k,10,baseline,,VGGT,0,0.5231777777777779,0.3261135802469136,0.09911111111111111,0.051432098765432095,0.4971585823254039,0.49841247498989105,149.14757469762117,300,results/re10k_manifest_eval_f10.json,results/re10k_profile_f10.json,uv run python eval_re10k.py --profile --frames 10
re10k,10,avggt,1,AVGGT-1,1,0.5225012345679012,0.32502716049382724,0.09780740740740741,0.05017283950617283,0.503089112698411,0.5077691562473774,150.92673380952328,300,results/re10k_manifest_eval_avggt1_f10.json,results/re10k_profile_avggt1_f10.json,uv run python eval_re10k.py --profile --frames 10 --avggt --subsample-factor 1
re10k,10,avggt,2,AVGGT-2,2,0.5253604938271607,0.3273975308641976,0.0995851851851852,0.0514074074074074,0.527813797655205,0.5324814021587372,158.34413929656148,300,results/re10k_manifest_eval_avggt2_f10.json,results/re10k_profile_avggt2_f10.json,uv run python eval_re10k.py --profile --frames 10 --avggt --subsample-factor 2
re10k,10,avggt,4,AVGGT-4,4,0.5247654320987655,0.3248543209876543,0.09684444444444444,0.0491604938271605,0.5093137799855322,0.5093238530680537,152.79413399565965,300,results/re10k_manifest_eval_avggt4_f10.json,results/re10k_profile_avggt4_f10.json,uv run python eval_re10k.py --profile --frames 10 --avggt --subsample-factor 4
re10k,10,avggt,6,AVGGT-6,6,0.5219629629629631,0.31948148148148153,0.09247407407407407,0.04513580246913581,0.5100365353903423,0.515248613897711,153.01096061710268,300,results/re10k_manifest_eval_avggt6_f10.json,results/re10k_profile_avggt6_f10.json,uv run python eval_re10k.py --profile --frames 10 --avggt --subsample-factor 6
re10k,10,avggt,9,AVGGT-9,9,0.5166469135802471,0.31559012345679016,0.08831111111111112,0.042024691358024696,0.47937091627158224,0.47843466931954026,143.81127488147467,300,results/re10k_manifest_eval_avggt9_f10.json,results/re10k_profile_avggt9_f10.json,uv run python eval_re10k.py --profile --frames 10 --avggt --subsample-factor 9
re10k,20,baseline,,VGGT,0,0.527498245614035,0.3298959064327486,0.1009859649122807,0.05231578947368421,0.9036031251183401,0.8964915121905506,271.080937535502,300,results/re10k_manifest_eval.json,results/re10k_profile.json,uv run python eval_re10k.py --profile
re10k,20,avggt,1,AVGGT-1,1,0.5273257309941521,0.3293450292397661,0.100059649122807,0.0513859649122807,0.8579596842980634,0.8456481220200658,257.387905289419,300,results/re10k_manifest_eval_avggt1.json,results/re10k_profile_avggt1.json,uv run python eval_re10k.py --profile --avggt --subsample-factor 1
re10k,20,avggt,2,AVGGT-2,2,0.5306789473684211,0.3318491228070176,0.10044561403508771,0.05135672514619883,0.8812236493111899,0.8651677286252379,264.36709479335696,300,results/re10k_manifest_eval_avggt2.json,results/re10k_profile_avggt2.json,uv run python eval_re10k.py --profile --avggt --subsample-factor 2
re10k,20,avggt,4,AVGGT-4,4,0.5327239766081872,0.33137894736842105,0.09881754385964911,0.049736842105263156,0.8531464171937356,0.8391638840548694,255.9439251581207,300,results/re10k_manifest_eval_avggt4.json,results/re10k_profile_avggt4.json,uv run python eval_re10k.py --profile --avggt --subsample-factor 4
re10k,20,avggt,6,AVGGT-6,6,0.5306397660818714,0.3268701754385966,0.09470877192982456,0.04521052631578947,0.8459382574477543,0.8319560158997774,253.7814772343263,300,results/re10k_manifest_eval_avggt6.json,results/re10k_profile_avggt6.json,uv run python eval_re10k.py --profile --avggt --subsample-factor 6
re10k,20,avggt,9,AVGGT-9,9,0.5207128654970758,0.3171076023391812,0.08738245614035087,0.04130994152046783,0.832342826994136,0.8281587935052812,249.7028480982408,300,results/re10k_manifest_eval_avggt9.json,results/re10k_profile_avggt9.json,uv run python eval_re10k.py --profile --avggt --subsample-factor 9
re10k,60,baseline,,VGGT,0,0.5230357187696171,0.3251475204017577,0.09942937853107343,0.051900188323917136,3.2268828570252905,3.222284493036568,968.0648571075872,300,results/re10k_manifest_eval_f60.json,results/re10k_profile_f60.json,uv run python eval_re10k.py --profile --frames 60
re10k,60,avggt,1,AVGGT-1,1,0.5227318267419961,0.32546089139987444,0.09876158192090395,0.05089265536723164,2.827927746310209,2.8259746246039867,848.3783238930628,300,results/re10k_manifest_eval_avggt1_f60.json,results/re10k_profile_avggt1_f60.json,uv run python eval_re10k.py --profile --frames 60 --avggt --subsample-factor 1
re10k,60,avggt,2,AVGGT-2,2,0.5261406779661015,0.3280435655994978,0.09874199623352166,0.049875706214689265,2.674077876529967,2.672526568174362,802.22336295899,300,results/re10k_manifest_eval_avggt2_f60.json,results/re10k_profile_avggt2_f60.json,uv run python eval_re10k.py --profile --frames 60 --avggt --subsample-factor 2
re10k,60,avggt,4,AVGGT-4,4,0.5287072190834903,0.3268886377903327,0.09691864406779663,0.04842372881355932,2.489539693451176,2.4865233106538653,746.8619080353528,300,results/re10k_manifest_eval_avggt4_f60.json,results/re10k_profile_avggt4_f60.json,uv run python eval_re10k.py --profile --frames 60 --avggt --subsample-factor 4
re10k,60,avggt,6,AVGGT-6,6,0.5262129315756433,0.3221206528562461,0.0930768361581921,0.04473195229127432,2.4396528594630458,2.4301577867008746,731.8958578389138,300,results/re10k_manifest_eval_avggt6_f60.json,results/re10k_profile_avggt6_f60.json,uv run python eval_re10k.py --profile --frames 60 --avggt --subsample-factor 6
re10k,60,avggt,9,AVGGT-9,9,0.5130783427495291,0.30814965473948525,0.08113634651600754,0.03729001883239171,2.3786961289464186,2.378444134257734,713.6088386839256,300,results/re10k_manifest_eval_avggt9_f60.json,results/re10k_profile_avggt9_f60.json,uv run python eval_re10k.py --profile --frames 60 --avggt --subsample-factor 9
